{
  "detection_rate": 0.9749369419866277,
  "false_alarm_rate": 0.08969748254707002,
  "precision": 0.9828859737638749,
  "specificity": 0.91030251745293,
  "roc_auc": 0.9901684671539451
}